{
  "b": 0,
  "disableInputWhenNotFocused": true,
  "mangledName": "Dead",
  "name": "Dead",
  "r": 0,
  "standardSortMethod": true,
  "stopSoundsOnStartup": true,
  "title": "",
  "v": 0,
  "uiSettings": {
    "grid": false,
    "gridType": "rectangular",
    "gridWidth": 32,
    "gridHeight": 32,
    "gridOffsetX": 0,
    "gridOffsetY": 0,
    "gridColor": 10401023,
    "gridAlpha": 0.8,
    "snap": false,
    "zoomFactor": 0.546875,
    "windowMask": false
  },
  "objectsGroups": [],
  "variables": [],
  "instances": [
    {
      "angle": 0,
      "customSize": true,
      "depth": 1,
      "height": 620,
      "keepRatio": true,
      "layer": "",
      "name": "Credits",
      "persistentUuid": "e56f4874-57bd-441f-bca5-693bdbccbbcd",
      "width": 1159,
      "x": 53,
      "y": 46,
      "zOrder": 1,
      "numberProperties": [],
      "stringProperties": [],
      "initialVariables": []
    },
    {
      "angle": 0,
      "customSize": false,
      "height": 0,
      "keepRatio": true,
      "layer": "",
      "name": "GreyButton",
      "persistentUuid": "4692a483-9207-408d-88bc-f4e77a30457f",
      "width": 0,
      "x": 600,
      "y": 550,
      "zOrder": 2,
      "numberProperties": [],
      "stringProperties": [],
      "initialVariables": []
    },
    {
      "angle": 0,
      "customSize": false,
      "height": 0,
      "keepRatio": true,
      "layer": "",
      "name": "GreyButton2",
      "persistentUuid": "ae85b403-3c68-4882-af10-95483d0122b0",
      "width": 0,
      "x": 900,
      "y": 550,
      "zOrder": 3,
      "numberProperties": [],
      "stringProperties": [],
      "initialVariables": []
    }
  ],
  "objects": [
    {
      "assetStoreId": "",
      "bold": false,
      "italic": false,
      "name": "Credits",
      "smoothed": true,
      "type": "TextObject::Text",
      "underlined": false,
      "variables": [],
      "effects": [],
      "behaviors": [],
      "string": "You died.\n\n\"Git Good\" - Abraham Lincoln",
      "font": "assets\\Kenney Mini Square.ttf",
      "textAlignment": "left",
      "characterSize": 80,
      "color": {
        "b": 0,
        "g": 0,
        "r": 255
      },
      "content": {
        "bold": false,
        "isOutlineEnabled": false,
        "isShadowEnabled": false,
        "italic": false,
        "outlineColor": "255;255;255",
        "outlineThickness": 2,
        "shadowAngle": 90,
        "shadowBlurRadius": 2,
        "shadowColor": "0;0;0",
        "shadowDistance": 4,
        "shadowOpacity": 127,
        "smoothed": true,
        "underlined": false,
        "text": "You died.\n\n\"Git Good\" - Abraham Lincoln",
        "font": "assets\\Kenney Mini Square.ttf",
        "textAlignment": "left",
        "verticalTextAlignment": "top",
        "characterSize": 80,
        "color": "255;0;0"
      }
    },
    {
      "assetStoreId": "bfab3a269992cf43081e2cb8053c28aaef11f2f9e0d0cbdc00207ea271f69c2c",
      "name": "GreyButton",
      "type": "PanelSpriteButton::PanelSpriteButton",
      "variables": [],
      "effects": [],
      "behaviors": [],
      "content": {
        "LeftPadding": 16,
        "RightPadding": 16,
        "PressedLabelOffsetY": 10,
        "BottomPadding": 32,
        "TopPadding": 16,
        "HoveredFadeOutDuration": 0.25
      },
      "childrenContent": {
        "Hovered": {
          "bottomMargin": 32,
          "height": 106,
          "leftMargin": 16,
          "rightMargin": 16,
          "texture": "Grey Button_Hovered.png",
          "tiled": true,
          "topMargin": 16,
          "width": 256
        },
        "Idle": {
          "bottomMargin": 32,
          "height": 106,
          "leftMargin": 16,
          "rightMargin": 16,
          "texture": "Grey Button_Idle.png",
          "tiled": true,
          "topMargin": 16,
          "width": 256
        },
        "Label": {
          "bold": false,
          "italic": false,
          "smoothed": true,
          "underlined": false,
          "string": "Main Menu",
          "font": "assets\\Kenney Mini Square.ttf",
          "textAlignment": "center",
          "characterSize": 40,
          "color": {
            "b": 79,
            "g": 72,
            "r": 72
          },
          "content": {
            "bold": false,
            "isOutlineEnabled": false,
            "isShadowEnabled": false,
            "italic": false,
            "outlineColor": "255;255;255",
            "outlineThickness": 2,
            "shadowAngle": 90,
            "shadowBlurRadius": 2,
            "shadowColor": "0;0;0",
            "shadowDistance": 4,
            "shadowOpacity": 127,
            "smoothed": true,
            "underlined": false,
            "text": "Main Menu",
            "font": "assets\\Kenney Mini Square.ttf",
            "textAlignment": "center",
            "verticalTextAlignment": "top",
            "characterSize": 40,
            "color": "72;72;79"
          }
        },
        "Pressed": {
          "bottomMargin": 16,
          "height": 106,
          "leftMargin": 16,
          "rightMargin": 16,
          "texture": "Grey Button_Pressed.png",
          "tiled": true,
          "topMargin": 32,
          "width": 256
        }
      }
    },
    {
      "assetStoreId": "bfab3a269992cf43081e2cb8053c28aaef11f2f9e0d0cbdc00207ea271f69c2c",
      "name": "GreyButton2",
      "type": "PanelSpriteButton::PanelSpriteButton",
      "variables": [],
      "effects": [],
      "behaviors": [],
      "content": {
        "LeftPadding": 16,
        "RightPadding": 16,
        "PressedLabelOffsetY": 10,
        "BottomPadding": 32,
        "TopPadding": 16,
        "HoveredFadeOutDuration": 0.25
      },
      "childrenContent": {
        "Hovered": {
          "bottomMargin": 32,
          "height": 106,
          "leftMargin": 16,
          "rightMargin": 16,
          "texture": "Grey Button_Hovered.png",
          "tiled": true,
          "topMargin": 16,
          "width": 256
        },
        "Idle": {
          "bottomMargin": 32,
          "height": 106,
          "leftMargin": 16,
          "rightMargin": 16,
          "texture": "Grey Button_Idle.png",
          "tiled": true,
          "topMargin": 16,
          "width": 256
        },
        "Label": {
          "bold": false,
          "italic": false,
          "smoothed": true,
          "underlined": false,
          "string": "Play Again",
          "font": "assets\\Kenney Mini Square.ttf",
          "textAlignment": "center",
          "characterSize": 40,
          "color": {
            "b": 79,
            "g": 72,
            "r": 72
          },
          "content": {
            "bold": false,
            "isOutlineEnabled": false,
            "isShadowEnabled": false,
            "italic": false,
            "outlineColor": "255;255;255",
            "outlineThickness": 2,
            "shadowAngle": 90,
            "shadowBlurRadius": 2,
            "shadowColor": "0;0;0",
            "shadowDistance": 4,
            "shadowOpacity": 127,
            "smoothed": true,
            "underlined": false,
            "text": "Play Again",
            "font": "assets\\Kenney Mini Square.ttf",
            "textAlignment": "center",
            "verticalTextAlignment": "top",
            "characterSize": 40,
            "color": "72;72;79"
          }
        },
        "Pressed": {
          "bottomMargin": 16,
          "height": 106,
          "leftMargin": 16,
          "rightMargin": 16,
          "texture": "Grey Button_Pressed.png",
          "tiled": true,
          "topMargin": 32,
          "width": 256
        }
      }
    }
  ],
  "objectsFolderStructure": {
    "folderName": "__ROOT",
    "children": [
      {
        "objectName": "Credits"
      },
      {
        "objectName": "GreyButton"
      },
      {
        "objectName": "GreyButton2"
      }
    ]
  },
  "events": [
    {
      "type": "BuiltinCommonInstructions::Standard",
      "conditions": [
        {
          "type": {
            "value": "PanelSpriteButton::PanelSpriteButton::IsClicked"
          },
          "parameters": [
            "GreyButton",
            ""
          ]
        }
      ],
      "actions": [
        {
          "type": {
            "value": "Scene"
          },
          "parameters": [
            "",
            "\"Opening\"",
            ""
          ]
        }
      ]
    },
    {
      "type": "BuiltinCommonInstructions::Standard",
      "conditions": [
        {
          "type": {
            "value": "PanelSpriteButton::PanelSpriteButton::IsClicked"
          },
          "parameters": [
            "GreyButton2",
            ""
          ]
        }
      ],
      "actions": [
        {
          "type": {
            "value": "Scene"
          },
          "parameters": [
            "",
            "\"Chamber 1 (tutorial)\"",
            ""
          ]
        }
      ]
    },
    {
      "type": "BuiltinCommonInstructions::Standard",
      "conditions": [
        {
          "type": {
            "value": "DepartScene"
          },
          "parameters": [
            ""
          ]
        }
      ],
      "actions": [
        {
          "type": {
            "value": "TextContainerCapability::TextContainerBehavior::SetValue"
          },
          "parameters": [
            "Credits",
            "Text",
            "=",
            "\"You? Superrr dead.\n\n\nScore: \" + ToString((Coins * 10) + (Player.Health::Health() * 5)) "
          ]
        },
        {
          "type": {
            "value": "PlaySoundCanal"
          },
          "parameters": [
            "",
            "Super Mario Galaxy game over sound.mp3",
            "4",
            "",
            "20",
            "1"
          ]
        }
      ]
    }
  ],
  "layers": [
    {
      "ambientLightColorB": 200,
      "ambientLightColorG": 200,
      "ambientLightColorR": 200,
      "camera3DFarPlaneDistance": 10000,
      "camera3DFieldOfView": 45,
      "camera3DNearPlaneDistance": 3,
      "cameraType": "",
      "followBaseLayerCamera": false,
      "isLightingLayer": false,
      "isLocked": false,
      "name": "",
      "renderingType": "",
      "visibility": true,
      "cameras": [
        {
          "defaultSize": true,
          "defaultViewport": true,
          "height": 0,
          "viewportBottom": 1,
          "viewportLeft": 0,
          "viewportRight": 1,
          "viewportTop": 0,
          "width": 0
        }
      ],
      "effects": [
        {
          "effectType": "Scene3D::HemisphereLight",
          "name": "3D Light",
          "doubleParameters": {
            "elevation": 45,
            "intensity": 1,
            "rotation": 0
          },
          "stringParameters": {
            "groundColor": "64;64;64",
            "skyColor": "255;255;255",
            "top": "Y-"
          },
          "booleanParameters": {}
        }
      ]
    }
  ],
  "behaviorsSharedData": [
    {
      "name": "AdvancedProjectile",
      "type": "AdvancedProjectile::AdvancedProjectile"
    },
    {
      "name": "Animation",
      "type": "AnimatableCapability::AnimatableBehavior"
    },
    {
      "name": "BoidsMovement",
      "type": "BoidsMovement::BoidsMovement"
    },
    {
      "name": "Bounce",
      "type": "Bounce::Bounce"
    },
    {
      "name": "Effect",
      "type": "EffectCapability::EffectBehavior"
    },
    {
      "name": "FireBullet",
      "type": "FireBullet::FireBullet"
    },
    {
      "name": "Flippable",
      "type": "FlippableCapability::FlippableBehavior"
    },
    {
      "name": "Health",
      "type": "Health::Health"
    },
    {
      "name": "Opacity",
      "type": "OpacityCapability::OpacityBehavior"
    },
    {
      "name": "RepeatTimer",
      "type": "RepeatEveryXSeconds::RepeatTimer"
    },
    {
      "name": "Resizable",
      "type": "ResizableCapability::ResizableBehavior"
    },
    {
      "name": "Scale",
      "type": "ScalableCapability::ScalableBehavior"
    },
    {
      "name": "Text",
      "type": "TextContainerCapability::TextContainerBehavior"
    },
    {
      "name": "TopDownMovement",
      "type": "TopDownMovementBehavior::TopDownMovementBehavior"
    },
    {
      "name": "Turret",
      "type": "Turret::Turret"
    }
  ]
}