{
  "b": 0,
  "disableInputWhenNotFocused": true,
  "mangledName": "Opening",
  "name": "Opening",
  "r": 0,
  "standardSortMethod": true,
  "stopSoundsOnStartup": true,
  "title": "",
  "v": 0,
  "uiSettings": {
    "grid": false,
    "gridType": "rectangular",
    "gridWidth": 32,
    "gridHeight": 32,
    "gridOffsetX": 0,
    "gridOffsetY": 0,
    "gridColor": 10401023,
    "gridAlpha": 0.8,
    "snap": false,
    "zoomFactor": 0.546875,
    "windowMask": false
  },
  "objectsGroups": [],
  "variables": [],
  "instances": [
    {
      "angle": 0,
      "customSize": true,
      "depth": 1,
      "height": 75,
      "keepRatio": true,
      "layer": "",
      "name": "Game_Name",
      "persistentUuid": "ecd2a4ce-3122-402b-bf00-d75b2edddd69",
      "width": 855,
      "x": 205,
      "y": 110,
      "zOrder": 1,
      "numberProperties": [],
      "stringProperties": [],
      "initialVariables": []
    },
    {
      "angle": 0,
      "customSize": false,
      "height": 0,
      "keepRatio": true,
      "layer": "",
      "name": "GreyButton",
      "persistentUuid": "e7dfcaf1-3f52-4a10-9ee2-dce7f7e31cd0",
      "width": 0,
      "x": 475,
      "y": 300,
      "zOrder": 2,
      "numberProperties": [],
      "stringProperties": [],
      "initialVariables": []
    },
    {
      "angle": 0,
      "customSize": false,
      "height": 0,
      "keepRatio": true,
      "layer": "",
      "name": "GreyButton2",
      "persistentUuid": "165671c5-ffca-4f1a-b919-bfc46ac44819",
      "width": 0,
      "x": 475,
      "y": 425,
      "zOrder": 3,
      "numberProperties": [],
      "stringProperties": [],
      "initialVariables": []
    },
    {
      "angle": 0,
      "customSize": false,
      "height": 0,
      "keepRatio": true,
      "layer": "",
      "name": "GreyButton3",
      "persistentUuid": "efa8f96b-0619-4a04-b090-6fc8ac5b59cb",
      "width": 0,
      "x": 475,
      "y": 550,
      "zOrder": 4,
      "numberProperties": [],
      "stringProperties": [],
      "initialVariables": []
    }
  ],
  "objects": [
    {
      "assetStoreId": "",
      "bold": false,
      "italic": false,
      "name": "Game_Name",
      "smoothed": true,
      "type": "TextObject::Text",
      "underlined": false,
      "variables": [],
      "effects": [],
      "behaviors": [],
      "string": "Debug Dungeon",
      "font": "assets\\Kenney Mini Square.ttf",
      "textAlignment": "left",
      "characterSize": 110,
      "color": {
        "b": 250,
        "g": 250,
        "r": 255
      },
      "content": {
        "bold": false,
        "isOutlineEnabled": false,
        "isShadowEnabled": false,
        "italic": false,
        "outlineColor": "255;255;255",
        "outlineThickness": 2,
        "shadowAngle": 90,
        "shadowBlurRadius": 2,
        "shadowColor": "0;0;0",
        "shadowDistance": 4,
        "shadowOpacity": 127,
        "smoothed": true,
        "underlined": false,
        "text": "Debug Dungeon",
        "font": "assets\\Kenney Mini Square.ttf",
        "textAlignment": "left",
        "verticalTextAlignment": "top",
        "characterSize": 110,
        "color": "255;250;250"
      }
    },
    {
      "assetStoreId": "bfab3a269992cf43081e2cb8053c28aaef11f2f9e0d0cbdc00207ea271f69c2c",
      "name": "GreyButton",
      "type": "PanelSpriteButton::PanelSpriteButton",
      "variables": [],
      "effects": [],
      "behaviors": [],
      "content": {
        "LeftPadding": 16,
        "RightPadding": 16,
        "PressedLabelOffsetY": 10,
        "BottomPadding": 32,
        "TopPadding": 16,
        "HoveredFadeOutDuration": 0.25
      },
      "childrenContent": {
        "Hovered": {
          "bottomMargin": 32,
          "height": 106,
          "leftMargin": 16,
          "rightMargin": 16,
          "texture": "Grey Button_Hovered.png",
          "tiled": true,
          "topMargin": 16,
          "width": 256
        },
        "Idle": {
          "bottomMargin": 32,
          "height": 106,
          "leftMargin": 16,
          "rightMargin": 16,
          "texture": "Grey Button_Idle.png",
          "tiled": true,
          "topMargin": 16,
          "width": 256
        },
        "Label": {
          "bold": false,
          "italic": false,
          "smoothed": true,
          "underlined": false,
          "string": "Play",
          "font": "assets\\Kenney Mini Square.ttf",
          "textAlignment": "center",
          "characterSize": 60,
          "color": {
            "b": 79,
            "g": 72,
            "r": 72
          },
          "content": {
            "bold": false,
            "isOutlineEnabled": false,
            "isShadowEnabled": false,
            "italic": false,
            "outlineColor": "255;255;255",
            "outlineThickness": 2,
            "shadowAngle": 90,
            "shadowBlurRadius": 2,
            "shadowColor": "0;0;0",
            "shadowDistance": 4,
            "shadowOpacity": 127,
            "smoothed": true,
            "underlined": false,
            "text": "Play",
            "font": "assets\\Kenney Mini Square.ttf",
            "textAlignment": "center",
            "verticalTextAlignment": "top",
            "characterSize": 60,
            "color": "72;72;79"
          }
        },
        "Pressed": {
          "bottomMargin": 16,
          "height": 106,
          "leftMargin": 16,
          "rightMargin": 16,
          "texture": "Grey Button_Pressed.png",
          "tiled": true,
          "topMargin": 32,
          "width": 256
        }
      }
    },
    {
      "assetStoreId": "bfab3a269992cf43081e2cb8053c28aaef11f2f9e0d0cbdc00207ea271f69c2c",
      "name": "GreyButton2",
      "type": "PanelSpriteButton::PanelSpriteButton",
      "variables": [],
      "effects": [],
      "behaviors": [],
      "content": {
        "LeftPadding": 16,
        "RightPadding": 16,
        "PressedLabelOffsetY": 10,
        "BottomPadding": 32,
        "TopPadding": 16,
        "HoveredFadeOutDuration": 0.25
      },
      "childrenContent": {
        "Hovered": {
          "bottomMargin": 32,
          "height": 106,
          "leftMargin": 16,
          "rightMargin": 16,
          "texture": "Grey Button_Hovered.png",
          "tiled": true,
          "topMargin": 16,
          "width": 256
        },
        "Idle": {
          "bottomMargin": 32,
          "height": 106,
          "leftMargin": 16,
          "rightMargin": 16,
          "texture": "Grey Button_Idle.png",
          "tiled": true,
          "topMargin": 16,
          "width": 256
        },
        "Label": {
          "bold": false,
          "italic": false,
          "smoothed": true,
          "underlined": false,
          "string": "Credits",
          "font": "assets\\Kenney Mini Square.ttf",
          "textAlignment": "center",
          "characterSize": 50,
          "color": {
            "b": 79,
            "g": 72,
            "r": 72
          },
          "content": {
            "bold": false,
            "isOutlineEnabled": false,
            "isShadowEnabled": false,
            "italic": false,
            "outlineColor": "255;255;255",
            "outlineThickness": 2,
            "shadowAngle": 90,
            "shadowBlurRadius": 2,
            "shadowColor": "0;0;0",
            "shadowDistance": 4,
            "shadowOpacity": 127,
            "smoothed": true,
            "underlined": false,
            "text": "Credits",
            "font": "assets\\Kenney Mini Square.ttf",
            "textAlignment": "center",
            "verticalTextAlignment": "top",
            "characterSize": 50,
            "color": "72;72;79"
          }
        },
        "Pressed": {
          "bottomMargin": 16,
          "height": 106,
          "leftMargin": 16,
          "rightMargin": 16,
          "texture": "Grey Button_Pressed.png",
          "tiled": true,
          "topMargin": 32,
          "width": 256
        }
      }
    },
    {
      "assetStoreId": "bfab3a269992cf43081e2cb8053c28aaef11f2f9e0d0cbdc00207ea271f69c2c",
      "name": "GreyButton3",
      "type": "PanelSpriteButton::PanelSpriteButton",
      "variables": [],
      "effects": [],
      "behaviors": [],
      "content": {
        "LeftPadding": 16,
        "RightPadding": 16,
        "PressedLabelOffsetY": 10,
        "BottomPadding": 32,
        "TopPadding": 16,
        "HoveredFadeOutDuration": 0.25
      },
      "childrenContent": {
        "Hovered": {
          "bottomMargin": 32,
          "height": 106,
          "leftMargin": 16,
          "rightMargin": 16,
          "texture": "Grey Button_Hovered.png",
          "tiled": true,
          "topMargin": 16,
          "width": 256
        },
        "Idle": {
          "bottomMargin": 32,
          "height": 106,
          "leftMargin": 16,
          "rightMargin": 16,
          "texture": "Grey Button_Idle.png",
          "tiled": true,
          "topMargin": 16,
          "width": 256
        },
        "Label": {
          "bold": false,
          "italic": false,
          "smoothed": true,
          "underlined": false,
          "string": "Quit",
          "font": "assets\\Kenney Mini Square.ttf",
          "textAlignment": "center",
          "characterSize": 60,
          "color": {
            "b": 79,
            "g": 72,
            "r": 72
          },
          "content": {
            "bold": false,
            "isOutlineEnabled": false,
            "isShadowEnabled": false,
            "italic": false,
            "outlineColor": "255;255;255",
            "outlineThickness": 2,
            "shadowAngle": 90,
            "shadowBlurRadius": 2,
            "shadowColor": "0;0;0",
            "shadowDistance": 4,
            "shadowOpacity": 127,
            "smoothed": true,
            "underlined": false,
            "text": "Quit",
            "font": "assets\\Kenney Mini Square.ttf",
            "textAlignment": "center",
            "verticalTextAlignment": "top",
            "characterSize": 60,
            "color": "72;72;79"
          }
        },
        "Pressed": {
          "bottomMargin": 16,
          "height": 106,
          "leftMargin": 16,
          "rightMargin": 16,
          "texture": "Grey Button_Pressed.png",
          "tiled": true,
          "topMargin": 32,
          "width": 256
        }
      }
    }
  ],
  "objectsFolderStructure": {
    "folderName": "__ROOT",
    "children": [
      {
        "objectName": "Game_Name"
      },
      {
        "objectName": "GreyButton"
      },
      {
        "objectName": "GreyButton2"
      },
      {
        "objectName": "GreyButton3"
      }
    ]
  },
  "events": [
    {
      "type": "BuiltinCommonInstructions::Standard",
      "conditions": [
        {
          "type": {
            "value": "PanelSpriteButton::PanelSpriteButton::IsClicked"
          },
          "parameters": [
            "GreyButton",
            ""
          ]
        }
      ],
      "actions": [
        {
          "type": {
            "value": "Scene"
          },
          "parameters": [
            "",
            "\"Opening 2\"",
            ""
          ]
        }
      ]
    },
    {
      "type": "BuiltinCommonInstructions::Standard",
      "conditions": [
        {
          "type": {
            "value": "PanelSpriteButton::PanelSpriteButton::IsClicked"
          },
          "parameters": [
            "GreyButton2",
            ""
          ]
        }
      ],
      "actions": [
        {
          "type": {
            "value": "Scene"
          },
          "parameters": [
            "",
            "\"Credits\"",
            ""
          ]
        }
      ]
    },
    {
      "type": "BuiltinCommonInstructions::Standard",
      "conditions": [
        {
          "type": {
            "value": "PanelSpriteButton::PanelSpriteButton::IsClicked"
          },
          "parameters": [
            "GreyButton3",
            ""
          ]
        }
      ],
      "actions": [
        {
          "type": {
            "value": "Quit"
          },
          "parameters": [
            ""
          ]
        }
      ]
    },
    {
      "type": "BuiltinCommonInstructions::Standard",
      "conditions": [
        {
          "type": {
            "value": "DepartScene"
          },
          "parameters": [
            ""
          ]
        }
      ],
      "actions": [
        {
          "type": {
            "value": "PlaySoundCanal"
          },
          "parameters": [
            "",
            "Menu Screen Background Music - Royalty Free.mp3",
            "1",
            "yes",
            "10",
            "1"
          ]
        }
      ]
    }
  ],
  "layers": [
    {
      "ambientLightColorB": 200,
      "ambientLightColorG": 200,
      "ambientLightColorR": 200,
      "camera3DFarPlaneDistance": 10000,
      "camera3DFieldOfView": 45,
      "camera3DNearPlaneDistance": 3,
      "cameraType": "",
      "followBaseLayerCamera": false,
      "isLightingLayer": false,
      "isLocked": false,
      "name": "",
      "renderingType": "",
      "visibility": true,
      "cameras": [
        {
          "defaultSize": true,
          "defaultViewport": true,
          "height": 0,
          "viewportBottom": 1,
          "viewportLeft": 0,
          "viewportRight": 1,
          "viewportTop": 0,
          "width": 0
        }
      ],
      "effects": [
        {
          "effectType": "Scene3D::HemisphereLight",
          "name": "3D Light",
          "doubleParameters": {
            "elevation": 45,
            "intensity": 1,
            "rotation": 0
          },
          "stringParameters": {
            "groundColor": "64;64;64",
            "skyColor": "255;255;255",
            "top": "Y-"
          },
          "booleanParameters": {}
        }
      ]
    }
  ],
  "behaviorsSharedData": [
    {
      "name": "AdvancedProjectile",
      "type": "AdvancedProjectile::AdvancedProjectile"
    },
    {
      "name": "Animation",
      "type": "AnimatableCapability::AnimatableBehavior"
    },
    {
      "name": "BoidsMovement",
      "type": "BoidsMovement::BoidsMovement"
    },
    {
      "name": "Bounce",
      "type": "Bounce::Bounce"
    },
    {
      "name": "Effect",
      "type": "EffectCapability::EffectBehavior"
    },
    {
      "name": "FireBullet",
      "type": "FireBullet::FireBullet"
    },
    {
      "name": "Flippable",
      "type": "FlippableCapability::FlippableBehavior"
    },
    {
      "name": "Health",
      "type": "Health::Health"
    },
    {
      "name": "Opacity",
      "type": "OpacityCapability::OpacityBehavior"
    },
    {
      "name": "RepeatTimer",
      "type": "RepeatEveryXSeconds::RepeatTimer"
    },
    {
      "name": "Resizable",
      "type": "ResizableCapability::ResizableBehavior"
    },
    {
      "name": "Scale",
      "type": "ScalableCapability::ScalableBehavior"
    },
    {
      "name": "Text",
      "type": "TextContainerCapability::TextContainerBehavior"
    },
    {
      "name": "TopDownMovement",
      "type": "TopDownMovementBehavior::TopDownMovementBehavior"
    },
    {
      "name": "Turret",
      "type": "Turret::Turret"
    }
  ]
}