{
  "b": 0,
  "disableInputWhenNotFocused": true,
  "mangledName": "Opening_322",
  "name": "Opening 2",
  "r": 0,
  "standardSortMethod": true,
  "stopSoundsOnStartup": true,
  "title": "",
  "v": 0,
  "uiSettings": {
    "grid": false,
    "gridType": "rectangular",
    "gridWidth": 32,
    "gridHeight": 32,
    "gridOffsetX": 0,
    "gridOffsetY": 0,
    "gridColor": 10401023,
    "gridAlpha": 0.8,
    "snap": false,
    "zoomFactor": 0.624453782659999,
    "windowMask": false
  },
  "objectsGroups": [],
  "variables": [
    {
      "name": "Variable",
      "type": "number",
      "value": 0
    }
  ],
  "instances": [
    {
      "angle": 0,
      "customSize": true,
      "depth": 1,
      "height": 505,
      "keepRatio": true,
      "layer": "",
      "name": "Game_Lore",
      "persistentUuid": "8d9c1744-995d-4c8d-8ca0-e84672bdca96",
      "width": 1227,
      "x": 26,
      "y": 20,
      "zOrder": 1,
      "numberProperties": [],
      "stringProperties": [],
      "initialVariables": []
    },
    {
      "angle": 0,
      "customSize": false,
      "height": 0,
      "keepRatio": true,
      "layer": "",
      "name": "GreyButton",
      "persistentUuid": "033de874-a664-4b1c-bd6d-4a14a23fbc40",
      "width": 0,
      "x": 475,
      "y": 560,
      "zOrder": 2,
      "numberProperties": [],
      "stringProperties": [],
      "initialVariables": []
    },
    {
      "angle": 0,
      "customSize": false,
      "height": 0,
      "keepRatio": true,
      "layer": "",
      "name": "Patch",
      "persistentUuid": "ee8a1bbb-43cd-4554-a54d-c886421ca852",
      "width": 0,
      "x": 976,
      "y": 284,
      "zOrder": 3,
      "numberProperties": [],
      "stringProperties": [],
      "initialVariables": []
    }
  ],
  "objects": [
    {
      "assetStoreId": "",
      "bold": false,
      "italic": false,
      "name": "Game_Lore",
      "smoothed": true,
      "type": "TextObject::Text",
      "underlined": false,
      "variables": [],
      "effects": [],
      "behaviors": [
        {
          "name": "Tween",
          "type": "Tween::TweenBehavior"
        }
      ],
      "string": "You, my friend, are an (underpaid) IT worker that works for a company that makes more money than some small countries. Your 80 year old boss has clicked on every pop-up ad since the internet was a thing, and now has a computer that can barely run. Your mission, should you choose to accept it, is to \"patch\" any viruses and other malware in your boss' PC. Good luck, and may the computer gods look towards you favorably.",
      "font": "assets\\Kenney Mini Square.ttf",
      "textAlignment": "left",
      "characterSize": 50,
      "color": {
        "b": 255,
        "g": 255,
        "r": 255
      },
      "content": {
        "bold": false,
        "isOutlineEnabled": false,
        "isShadowEnabled": false,
        "italic": false,
        "outlineColor": "255;255;255",
        "outlineThickness": 2,
        "shadowAngle": 90,
        "shadowBlurRadius": 2,
        "shadowColor": "0;0;0",
        "shadowDistance": 4,
        "shadowOpacity": 127,
        "smoothed": true,
        "underlined": false,
        "text": "You, my friend, are an (underpaid) IT worker that works for a company that makes more money than some small countries. Your 80 year old boss has clicked on every pop-up ad since the internet was a thing, and now has a computer that can barely run. Your mission, should you choose to accept it, is to \"patch\" any viruses and other malware in your boss' PC. Good luck, and may the computer gods look towards you favorably.",
        "font": "assets\\Kenney Mini Square.ttf",
        "textAlignment": "left",
        "verticalTextAlignment": "top",
        "characterSize": 50,
        "color": "255;255;255"
      }
    },
    {
      "assetStoreId": "bfab3a269992cf43081e2cb8053c28aaef11f2f9e0d0cbdc00207ea271f69c2c",
      "name": "GreyButton",
      "type": "PanelSpriteButton::PanelSpriteButton",
      "variables": [],
      "effects": [],
      "behaviors": [],
      "content": {
        "LeftPadding": 16,
        "RightPadding": 16,
        "PressedLabelOffsetY": 10,
        "BottomPadding": 32,
        "TopPadding": 16,
        "HoveredFadeOutDuration": 0.25
      },
      "childrenContent": {
        "Hovered": {
          "bottomMargin": 32,
          "height": 106,
          "leftMargin": 16,
          "rightMargin": 16,
          "texture": "Grey Button_Hovered.png",
          "tiled": true,
          "topMargin": 16,
          "width": 256
        },
        "Idle": {
          "bottomMargin": 32,
          "height": 106,
          "leftMargin": 16,
          "rightMargin": 16,
          "texture": "Grey Button_Idle.png",
          "tiled": true,
          "topMargin": 16,
          "width": 256
        },
        "Label": {
          "bold": false,
          "italic": false,
          "smoothed": true,
          "underlined": false,
          "string": "Debug",
          "font": "assets\\Kenney Mini Square.ttf",
          "textAlignment": "center",
          "characterSize": 60,
          "color": {
            "b": 79,
            "g": 72,
            "r": 72
          },
          "content": {
            "bold": false,
            "isOutlineEnabled": false,
            "isShadowEnabled": false,
            "italic": false,
            "outlineColor": "255;255;255",
            "outlineThickness": 2,
            "shadowAngle": 90,
            "shadowBlurRadius": 2,
            "shadowColor": "0;0;0",
            "shadowDistance": 4,
            "shadowOpacity": 127,
            "smoothed": true,
            "underlined": false,
            "text": "Debug",
            "font": "assets\\Kenney Mini Square.ttf",
            "textAlignment": "center",
            "verticalTextAlignment": "top",
            "characterSize": 60,
            "color": "72;72;79"
          }
        },
        "Pressed": {
          "bottomMargin": 16,
          "height": 106,
          "leftMargin": 16,
          "rightMargin": 16,
          "texture": "Grey Button_Pressed.png",
          "tiled": true,
          "topMargin": 32,
          "width": 256
        }
      }
    },
    {
      "assetStoreId": "",
      "bold": false,
      "italic": false,
      "name": "Patch",
      "smoothed": true,
      "type": "TextObject::Text",
      "underlined": false,
      "variables": [],
      "effects": [],
      "behaviors": [],
      "string": "\"Patch\"",
      "font": "assets\\Kenney Mini Square.ttf",
      "textAlignment": "left",
      "characterSize": 50,
      "color": {
        "b": 0,
        "g": 0,
        "r": 255
      },
      "content": {
        "bold": false,
        "isOutlineEnabled": false,
        "isShadowEnabled": false,
        "italic": false,
        "outlineColor": "255;255;255",
        "outlineThickness": 2,
        "shadowAngle": 90,
        "shadowBlurRadius": 2,
        "shadowColor": "0;0;0",
        "shadowDistance": 4,
        "shadowOpacity": 127,
        "smoothed": true,
        "underlined": false,
        "text": "\"Patch\"",
        "font": "assets\\Kenney Mini Square.ttf",
        "textAlignment": "left",
        "verticalTextAlignment": "top",
        "characterSize": 50,
        "color": "255;0;0"
      }
    }
  ],
  "objectsFolderStructure": {
    "folderName": "__ROOT",
    "children": [
      {
        "objectName": "Game_Lore"
      },
      {
        "objectName": "GreyButton"
      },
      {
        "objectName": "Patch"
      }
    ]
  },
  "events": [
    {
      "type": "BuiltinCommonInstructions::Standard",
      "conditions": [
        {
          "type": {
            "value": "DepartScene"
          },
          "parameters": [
            ""
          ]
        }
      ],
      "actions": [
        {
          "type": {
            "value": "Cache"
          },
          "parameters": [
            "Patch"
          ]
        },
        {
          "type": {
            "value": "Montre"
          },
          "parameters": [
            "Game_Lore",
            ""
          ]
        }
      ]
    },
    {
      "type": "BuiltinCommonInstructions::Standard",
      "conditions": [
        {
          "type": {
            "value": "PanelSpriteButton::PanelSpriteButton::IsClicked"
          },
          "parameters": [
            "GreyButton",
            ""
          ]
        }
      ],
      "actions": [
        {
          "type": {
            "value": "Montre"
          },
          "parameters": [
            "Patch",
            ""
          ]
        },
        {
          "type": {
            "value": "Delete"
          },
          "parameters": [
            "GreyButton",
            ""
          ]
        },
        {
          "type": {
            "value": "Tween::TweenBehavior::AddObjectOpacityTween2"
          },
          "parameters": [
            "Game_Lore",
            "Tween",
            "\"lore_tween\"",
            "0",
            "\"linear\"",
            "3",
            "yes"
          ]
        },
        {
          "type": {
            "value": "Wait"
          },
          "parameters": [
            "4"
          ]
        },
        {
          "type": {
            "value": "Scene"
          },
          "parameters": [
            "",
            "\"Chamber 1 (tutorial)\"",
            ""
          ]
        }
      ]
    }
  ],
  "layers": [
    {
      "ambientLightColorB": 200,
      "ambientLightColorG": 200,
      "ambientLightColorR": 200,
      "camera3DFarPlaneDistance": 10000,
      "camera3DFieldOfView": 45,
      "camera3DNearPlaneDistance": 3,
      "cameraType": "",
      "followBaseLayerCamera": false,
      "isLightingLayer": false,
      "isLocked": false,
      "name": "",
      "renderingType": "",
      "visibility": true,
      "cameras": [
        {
          "defaultSize": true,
          "defaultViewport": true,
          "height": 0,
          "viewportBottom": 1,
          "viewportLeft": 0,
          "viewportRight": 1,
          "viewportTop": 0,
          "width": 0
        }
      ],
      "effects": [
        {
          "effectType": "Scene3D::HemisphereLight",
          "name": "3D Light",
          "doubleParameters": {
            "elevation": 45,
            "intensity": 1,
            "rotation": 0
          },
          "stringParameters": {
            "groundColor": "64;64;64",
            "skyColor": "255;255;255",
            "top": "Y-"
          },
          "booleanParameters": {}
        }
      ]
    }
  ],
  "behaviorsSharedData": [
    {
      "name": "AdvancedProjectile",
      "type": "AdvancedProjectile::AdvancedProjectile"
    },
    {
      "name": "Animation",
      "type": "AnimatableCapability::AnimatableBehavior"
    },
    {
      "name": "BoidsMovement",
      "type": "BoidsMovement::BoidsMovement"
    },
    {
      "name": "Bounce",
      "type": "Bounce::Bounce"
    },
    {
      "name": "Effect",
      "type": "EffectCapability::EffectBehavior"
    },
    {
      "name": "FireBullet",
      "type": "FireBullet::FireBullet"
    },
    {
      "name": "Flippable",
      "type": "FlippableCapability::FlippableBehavior"
    },
    {
      "name": "Health",
      "type": "Health::Health"
    },
    {
      "name": "Opacity",
      "type": "OpacityCapability::OpacityBehavior"
    },
    {
      "name": "RepeatTimer",
      "type": "RepeatEveryXSeconds::RepeatTimer"
    },
    {
      "name": "Resizable",
      "type": "ResizableCapability::ResizableBehavior"
    },
    {
      "name": "Scale",
      "type": "ScalableCapability::ScalableBehavior"
    },
    {
      "name": "Text",
      "type": "TextContainerCapability::TextContainerBehavior"
    },
    {
      "name": "TopDownMovement",
      "type": "TopDownMovementBehavior::TopDownMovementBehavior"
    },
    {
      "name": "Turret",
      "type": "Turret::Turret"
    },
    {
      "name": "Tween",
      "type": "Tween::TweenBehavior"
    }
  ]
}